url,category,total_resources,failed_resources,bld_score,timestamp
https://www.w3.org,html,23,19,0.8260869565217391,2025-08-12T22:31:52.620425
https://example.com,html,1,0,0.0,2025-08-12T22:32:17.432492
https://www.wikipedia.org,html,12,1,0.08333333333333333,2025-08-12T22:32:30.159921
https://www.archive.org,html,13,0,0.0,2025-08-12T22:32:58.305807
https://www.bbc.com/news,html,117,116,0.9914529914529915,2025-08-12T22:33:21.556605
https://www.nytimes.com,html,6,0,0.0,2025-08-12T22:35:12.306464
https://www.theguardian.com,html,0,0,N/A,2025-08-12T22:35:30.442873
https://www.reuters.com,html,32,1,0.03125,2025-08-12T22:35:37.831304
https://www.apache.org,html,7,0,0.0,2025-08-12T22:36:27.799802
https://www.python.org,html,11,0,0.0,2025-08-12T22:39:41.538027
https://www.php.net,html,70,0,0.0,2025-08-12T22:41:04.179576
https://www.perl.org,html,22,21,0.9545454545454546,2025-08-12T22:41:42.372353
https://www.ruby-lang.org,html,1,0,0.0,2025-08-12T22:42:05.722708
https://www.golang.org,html,15,1,0.06666666666666667,2025-08-12T22:42:29.068483
https://www.rust-lang.org,html,57,0,0.0,2025-08-12T22:43:06.338826
https://www.mozilla.org,html,19,0,0.0,2025-08-12T22:43:51.501399
https://www.gnu.org,html,54,7,0.12962962962962962,2025-08-12T22:44:14.226129
https://www.kernel.org,html,9,8,0.8888888888888888,2025-08-12T22:44:48.224439
https://www.debian.org,html,3,0,0.0,2025-08-12T22:45:30.033287
https://www.ubuntu.com,html,15,0,0.0,2025-08-12T22:46:07.706439
https://www.redhat.com,html,19,0,0.0,2025-08-12T22:49:29.792791
https://www.centos.org,html,55,54,0.9818181818181818,2025-08-12T22:52:24.618878
https://www.opensuse.org,html,2,1,0.5,2025-08-12T22:53:12.644817
https://www.archlinux.org,html,23,0,0.0,2025-08-12T22:53:48.995848
https://www.gentoo.org,html,13,4,0.3076923076923077,2025-08-12T22:54:43.958557
https://www.freebsd.org,html,9,8,0.8888888888888888,2025-08-12T22:55:02.894743
https://www.openbsd.org,html,5,0,0.0,2025-08-12T22:55:40.720444
https://www.netbsd.org,html,16,0,0.0,2025-08-12T22:56:09.187638
https://www.postgresql.org,html,30,0,0.0,2025-08-12T22:56:44.201748
https://www.mysql.com,html,14,13,0.9285714285714286,2025-08-12T22:57:17.276833
https://www.mariadb.org,html,4,1,0.25,2025-08-12T22:57:36.930391
https://www.sqlite.org,html,2,1,0.5,2025-08-12T23:01:12.014378
https://www.mongodb.com,html,7,0,0.0,2025-08-12T23:04:12.199580
https://www.elastic.co,html,35,15,0.42857142857142855,2025-08-12T23:06:13.442044
https://www.apache.org/foundation,html,7,0,0.0,2025-08-12T23:07:51.361743
https://www.fsf.org,html,4,0,0.0,2025-08-12T23:08:28.922734
https://www.eff.org,html,70,0,0.0,2025-08-12T23:11:54.607663
https://www.creativecommons.org,html,28,26,0.9285714285714286,2025-08-12T23:14:59.849322
https://www.opensource.org,html,128,126,0.984375,2025-08-12T23:15:20.945543
https://www.mit.edu,html,21,0,0.0,2025-08-12T23:16:14.607862
https://www.stanford.edu,html,7,0,0.0,2025-08-12T23:16:45.429218
https://www.harvard.edu,html,19,0,0.0,2025-08-12T23:17:32.221072
https://www.yale.edu,html,3,0,0.0,2025-08-12T23:17:58.534176
https://www.princeton.edu,html,11,4,0.36363636363636365,2025-08-12T23:19:33.768230
https://www.columbia.edu,html,11,0,0.0,2025-08-12T23:20:23.339919
https://www.cornell.edu,html,3,2,0.6666666666666666,2025-08-12T23:21:43.816865
https://www.upenn.edu,html,16,0,0.0,2025-08-12T23:25:23.872240
https://www.brown.edu,html,43,1,0.023255813953488372,2025-08-12T23:27:07.436297
https://www.dartmouth.edu,html,5,0,0.0,2025-08-12T23:27:50.029289
https://www.oxford.ac.uk,html,2,1,0.5,2025-08-12T23:28:31.242210
https://www.cambridge.org,html,1,0,0.0,2025-08-12T23:28:59.460484
https://www.ed.ac.uk,html,68,0,0.0,2025-08-12T23:29:13.873422
https://www.imperial.ac.uk,html,31,0,0.0,2025-08-12T23:29:59.435725
https://www.lse.ac.uk,html,25,5,0.2,2025-08-12T23:30:32.411851
https://www.ucl.ac.uk,html,16,0,0.0,2025-08-12T23:32:30.792769
https://www.kcl.ac.uk,html,3,0,0.0,2025-08-12T23:35:44.622121
https://www.manchester.ac.uk,html,13,12,0.9230769230769231,2025-08-12T23:38:00.812545
https://www.bristol.ac.uk,html,71,0,0.0,2025-08-12T23:38:21.258343
https://www.warwick.ac.uk,html,55,0,0.0,2025-08-12T23:39:04.920726
https://www.york.ac.uk,html,33,32,0.9696969696969697,2025-08-12T23:39:40.247515
https://www.nature.com,html,43,2,0.046511627906976744,2025-08-12T23:40:07.988998
https://www.science.org,html,23,0,0.0,2025-08-12T23:40:45.274353
https://www.cell.com,html,63,4,0.06349206349206349,2025-08-12T23:41:18.559995
https://www.thelancet.com,html,31,0,0.0,2025-08-12T23:42:01.765021
https://www.nejm.org,html,76,10,0.13157894736842105,2025-08-12T23:42:31.768299
https://www.bmj.com,html,78,35,0.44871794871794873,2025-08-12T23:43:28.533549
https://www.plos.org,html,34,7,0.20588235294117646,2025-08-12T23:43:57.620531
https://www.ieee.org,html,13,0,0.0,2025-08-12T23:47:42.214599
https://www.acm.org,html,7,0,0.0,2025-08-12T23:50:00.460334
https://www.ams.org,html,40,0,0.0,2025-08-12T23:50:28.029658
https://www.rsc.org,html,75,6,0.08,2025-08-12T23:50:54.632904
https://www.acs.org,html,51,17,0.3333333333333333,2025-08-12T23:52:17.268527
https://www.iop.org,html,43,4,0.09302325581395349,2025-08-12T23:52:44.118695
https://www.aps.org,html,189,75,0.3968253968253968,2025-08-12T23:53:18.317865
https://www.nasa.gov,html,91,90,0.989010989010989,2025-08-12T23:54:36.992409
https://www.esa.int,html,66,38,0.5757575757575758,2025-08-12T23:54:50.619869
https://www.jaxa.jp,html,111,8,0.07207207207207207,2025-08-12T23:58:16.135227
https://www.isro.gov.in,html,71,30,0.4225352112676056,2025-08-13T00:01:41.405874
https://www.roscosmos.ru,html,47,1,0.02127659574468085,2025-08-13T00:02:20.427819
https://www.spacex.com,html,5,0,0.0,2025-08-13T00:03:14.229183
https://www.blueorigin.com,html,3,0,0.0,2025-08-13T00:04:54.675115
https://www.virgingalactic.com,html,52,4,0.07692307692307693,2025-08-13T00:05:16.012522
https://www.who.int,html,66,24,0.36363636363636365,2025-08-13T00:05:43.773512
https://www.cdc.gov,html,55,6,0.10909090909090909,2025-08-13T00:07:03.611954
https://www.nih.gov,html,24,0,0.0,2025-08-13T00:08:23.119526
https://www.fda.gov,html,45,0,0.0,2025-08-13T00:09:33.925441
https://www.epa.gov,html,5,4,0.8,2025-08-13T00:10:15.356689
https://www.noaa.gov,html,13,0,0.0,2025-08-13T00:11:07.567351
https://www.usgs.gov,html,96,1,0.010416666666666666,2025-08-13T00:13:18.269227
https://www.loc.gov,html,48,1,0.020833333333333332,2025-08-13T00:13:54.385942
https://www.archives.gov,html,21,4,0.19047619047619047,2025-08-13T00:15:30.126314
https://www.si.edu,html,1,1,1.0,2025-08-13T00:16:03.715294
https://www.whitehouse.gov,html,7,6,0.8571428571428571,2025-08-13T00:16:24.814610
https://www.senate.gov,html,35,8,0.22857142857142856,2025-08-13T00:16:48.466998
https://www.house.gov,html,31,5,0.16129032258064516,2025-08-13T00:17:23.894208
https://www.supremecourt.gov,html,41,14,0.34146341463414637,2025-08-13T00:18:00.548839
https://www.state.gov,html,3,2,0.6666666666666666,2025-08-13T00:18:42.642475
https://www.treasury.gov,html,39,2,0.05128205128205128,2025-08-13T00:22:05.186289
https://www.defense.gov,html,46,0,0.0,2025-08-13T00:25:32.543084
https://www.justice.gov,html,27,0,0.0,2025-08-13T00:26:15.692545
https://www.usda.gov,html,42,6,0.14285714285714285,2025-08-13T00:26:36.975523
https://www.commerce.gov,html,1,0,0.0,2025-08-13T00:27:59.488938
https://www.labor.gov,html,62,6,0.0967741935483871,2025-08-13T00:28:51.405509
https://www.hhs.gov,html,19,4,0.21052631578947367,2025-08-13T00:29:40.896907
https://www.hud.gov,html,43,0,0.0,2025-08-13T00:30:09.743340
https://www.transportation.gov,html,35,4,0.11428571428571428,2025-08-13T00:30:46.435785
https://www.energy.gov,html,31,0,0.0,2025-08-13T00:32:40.170102
https://www.education.gov,html,133,66,0.49624060150375937,2025-08-13T00:33:27.656880
https://www.va.gov,html,22,0,0.0,2025-08-13T00:36:45.573837
https://www.dhs.gov,html,3,1,0.3333333333333333,2025-08-13T00:37:27.512713
https://www.un.org,html,17,16,0.9411764705882353,2025-08-13T00:37:53.175094
https://www.unesco.org,html,55,0,0.0,2025-08-13T00:39:10.842074
https://www.unicef.org,html,111,13,0.11711711711711711,2025-08-13T00:39:34.285458
https://www.undp.org,html,16,0,0.0,2025-08-13T00:40:12.958252
https://www.worldbank.org,html,35,2,0.05714285714285714,2025-08-13T00:40:33.467634
https://www.imf.org,html,7,0,0.0,2025-08-13T00:41:30.765678
https://www.wto.org,html,57,0,0.0,2025-08-13T00:41:53.212870
https://www.oecd.org,html,16,0,0.0,2025-08-13T00:45:25.383603
https://www.europa.eu,html,53,0,0.0,2025-08-13T00:48:37.711897
https://www.ecb.europa.eu,html,3,2,0.6666666666666666,2025-08-13T00:49:10.586901
https://www.cnn.com,html,111,46,0.4144144144144144,2025-08-13T00:49:31.303652
https://www.foxnews.com,html,221,219,0.9909502262443439,2025-08-13T00:50:27.075413
https://www.msnbc.com,html,297,1,0.003367003367003367,2025-08-13T00:50:53.657679
https://www.cbsnews.com,html,158,121,0.7658227848101266,2025-08-13T00:51:30.857684
https://www.abcnews.go.com,html,137,136,0.9927007299270073,2025-08-13T00:52:09.410843
https://www.nbcnews.com,html,1,1,1.0,2025-08-13T00:52:22.500086
https://www.npr.org,html,18,3,0.16666666666666666,2025-08-13T00:52:35.576225
https://www.pbs.org,html,15,0,0.0,2025-08-13T00:52:57.138457
https://www.apnews.com,html,1,0,0.0,2025-08-13T00:53:29.685481
https://www.bloomberg.com,html,1,1,1.0,2025-08-13T00:54:36.203794
https://www.wsj.com,html,245,98,0.4,2025-08-13T00:54:44.766702
https://www.ft.com,html,144,143,0.9930555555555556,2025-08-13T00:56:31.218565
https://www.economist.com,html,8,7,0.875,2025-08-13T00:57:01.898087
https://www.forbes.com,html,52,51,0.9807692307692307,2025-08-13T00:57:18.126610
https://www.businessinsider.com,html,20,5,0.25,2025-08-13T00:57:33.787265
https://www.techcrunch.com,html,0,0,N/A,2025-08-13T01:00:30.692299
https://www.wired.com,html,30,29,0.9666666666666667,2025-08-13T01:01:09.741306
https://www.theverge.com,html,47,0,0.0,2025-08-13T01:02:30.692542
https://www.arstechnica.com,html,14,3,0.21428571428571427,2025-08-13T01:03:01.403668
https://www.engadget.com,html,99,51,0.5151515151515151,2025-08-13T01:03:18.669899
https://www.gizmodo.com,html,1,1,1.0,2025-08-13T01:03:57.262901
https://www.mashable.com,html,92,73,0.7934782608695652,2025-08-13T01:04:07.235017
https://www.cnet.com,html,47,46,0.9787234042553191,2025-08-13T01:04:38.096008
https://www.zdnet.com,html,85,3,0.03529411764705882,2025-08-13T01:05:31.554256
https://www.pcmag.com,html,44,1,0.022727272727272728,2025-08-13T01:06:01.589017
https://www.tomshardware.com,html,107,106,0.9906542056074766,2025-08-13T01:06:46.616422
https://www.anandtech.com,html,7,2,0.2857142857142857,2025-08-13T01:09:37.087240
https://www.howtogeek.com,html,12,7,0.5833333333333334,2025-08-13T01:11:00.646952
https://www.makeuseof.com,html,99,98,0.98989898989899,2025-08-13T01:11:20.698063
https://www.lifehacker.com,html,143,24,0.16783216783216784,2025-08-13T01:12:00.431100
https://www.wikipedia.org/wiki/Main_Page,html,12,1,0.08333333333333333,2025-08-13T01:12:30.731002
https://www.britannica.com,html,70,69,0.9857142857142858,2025-08-13T01:12:55.614959
https://www.merriam-webster.com,html,7,3,0.42857142857142855,2025-08-13T01:14:06.847813
https://www.dictionary.com,html,89,74,0.8314606741573034,2025-08-13T01:14:28.039990
https://www.thesaurus.com,html,89,74,0.8314606741573034,2025-08-13T01:14:43.874550
https://www.oxfordlearnersdictionaries.com,html,72,68,0.9444444444444444,2025-08-13T01:14:56.454840
https://www.cambridge.org/dictionary,html,1,0,0.0,2025-08-13T01:15:38.402801
https://www.collinsdictionary.com,html,28,21,0.75,2025-08-13T01:16:36.903146
https://www.macmillandictionary.com,html,1,1,1.0,2025-08-13T01:16:52.232900
https://www.ldoceonline.com,html,1,1,1.0,2025-08-13T01:16:58.798596
https://www.gutenberg.org,html,1,1,1.0,2025-08-13T01:17:04.946329
https://www.openlibrary.org,html,1,0,0.0,2025-08-13T01:20:02.370825
https://www.worldcat.org,html,22,0,0.0,2025-08-13T01:23:09.844871
https://www.jstor.org,html,50,39,0.78,2025-08-13T01:23:26.762675
https://www.pubmed.ncbi.nlm.nih.gov,html,15,14,0.9333333333333333,2025-08-13T01:23:48.523678
https://www.scholar.google.com,html,10,0,0.0,2025-08-13T01:24:00.708187
https://www.researchgate.net,html,40,39,0.975,2025-08-13T01:24:22.232849
https://www.academia.edu,html,107994,107993,0.9999907402263088,2025-08-13T01:24:33.302439
https://www.arxiv.org,html,7,0,0.0,2025-08-13T01:25:37.460156
https://www.ssrn.com,html,12,11,0.9166666666666666,2025-08-13T01:26:15.771270
https://www.ted.com,html,154,18,0.11688311688311688,2025-08-13T01:26:31.203037
https://www.khanacademy.org,html,119,2,0.01680672268907563,2025-08-13T01:27:12.594954
https://www.coursera.org,html,116,115,0.9913793103448276,2025-08-13T01:27:26.036842
https://www.edx.org,html,17,2,0.11764705882352941,2025-08-13T01:27:45.303090
https://www.udacity.com,html,250,10,0.04,2025-08-13T01:28:28.503413
https://www.lynda.com,html,20,16,0.8,2025-08-13T01:29:19.628436
https://www.skillshare.com,html,9,0,0.0,2025-08-13T01:32:27.230196
https://www.pluralsight.com,html,68,28,0.4117647058823529,2025-08-13T01:35:13.411676
https://www.codecademy.com,html,181,66,0.36464088397790057,2025-08-13T01:35:47.159723
https://www.freecodecamp.org,html,38,21,0.5526315789473685,2025-08-13T01:36:20.115137
https://www.w3schools.com,html,7,0,0.0,2025-08-13T01:37:04.838944
https://www.tutorialspoint.com,html,1,1,1.0,2025-08-13T01:37:23.361395
https://www.geeksforgeeks.org,html,1,1,1.0,2025-08-13T01:37:35.721302
https://www.javatpoint.com,html,1,1,1.0,2025-08-13T01:37:42.510190
https://www.programiz.com,html,1,1,1.0,2025-08-13T01:37:49.829926
https://www.learn-c.org,html,1,1,1.0,2025-08-13T01:37:56.501490
https://www.cplusplus.com,html,1,1,1.0,2025-08-13T01:38:03.071874
https://www.cppreference.com,html,1,1,1.0,2025-08-13T01:38:09.799621
https://www.docs.python.org,html,1,1,1.0,2025-08-13T01:38:17.716561
https://www.ruby-doc.org,html,21,5,0.23809523809523808,2025-08-13T01:38:51.553278
https://www.golang.org/doc,html,1,1,1.0,2025-08-13T01:39:11.184150
https://www.rust-lang.org/learn,html,58,0,0.0,2025-08-13T01:39:18.315512
https://www.kotlinlang.org/docs,html,104,10,0.09615384615384616,2025-08-13T01:39:49.021088
https://www.scala-lang.org/documentation,html,169,6,0.03550295857988166,2025-08-13T01:40:17.008596
https://www.clojure.org,html,6,1,0.16666666666666666,2025-08-13T01:41:45.817709
https://www.elixir-lang.org,html,23,3,0.13043478260869565,2025-08-13T01:42:27.317282
https://www.erlang.org,html,19,0,0.0,2025-08-13T01:42:43.292020
https://www.haskell.org,html,77,9,0.11688311688311688,2025-08-13T01:43:02.081144
https://www.ocaml.org,html,3,0,0.0,2025-08-13T01:43:43.263987
https://www.fsharp.org,html,30,6,0.2,2025-08-13T01:43:56.282720
https://www.racket-lang.org,html,35,0,0.0,2025-08-13T01:44:10.430561
https://www.scheme.org,html,4,2,0.5,2025-08-13T01:46:22.483883
https://www.common-lisp.net,html,3,0,0.0,2025-08-13T01:46:41.409876
https://www.lua.org,html,14,8,0.5714285714285714,2025-08-13T01:47:05.966560
https://www.tcl.tk,html,25,2,0.08,2025-08-13T01:47:24.584372
https://www.awk.dev,html,2,0,0.0,2025-08-13T01:48:04.594562
https://www.sed.sourceforge.io,html,1,0,0.0,2025-08-13T01:48:14.617590
https://www.vim.org,html,26,2,0.07692307692307693,2025-08-13T01:48:25.327313
https://www.emacs.org,html,3,2,0.6666666666666666,2025-08-13T01:48:46.780327
https://www.atom.io,html,64,2,0.03125,2025-08-13T01:48:55.197757
https://www.sublimetext.com,html,44,4,0.09090909090909091,2025-08-13T01:49:42.318870
https://www.jetbrains.com,html,29,1,0.034482758620689655,2025-08-13T01:50:11.562516
https://www.eclipse.org,html,47,2,0.0425531914893617,2025-08-13T01:50:29.965579
https://www.netbeans.org,html,94,3,0.031914893617021274,2025-08-13T01:51:05.953789
https://www.qt.io,html,80,50,0.625,2025-08-13T01:51:39.669386
https://www.gtk.org,html,46,9,0.1956521739130435,2025-08-13T01:55:11.458548
https://www.wxwidgets.org,html,42,5,0.11904761904761904,2025-08-13T01:58:12.817816
https://www.fltk.org,html,5,0,0.0,2025-08-13T01:58:48.750086
https://www.tcl.tk,html,25,2,0.08,2025-08-13T01:59:03.497198
https://www.pygame.org,html,1,0,0.0,2025-08-13T01:59:18.201291
https://www.libsdl.org,html,7,2,0.2857142857142857,2025-08-13T01:59:36.780120
https://www.sfml-dev.org,html,23,3,0.13043478260869565,2025-08-13T01:59:51.560386
https://www.raylib.com,html,127,0,0.0,2025-08-13T02:00:08.271719
https://www.love2d.org,html,27,0,0.0,2025-08-13T02:00:53.830413
https://www.godotengine.org,html,34,12,0.35294117647058826,2025-08-13T02:01:29.453406
https://www.unity.com,html,45,3,0.06666666666666667,2025-08-13T02:02:37.660283
https://www.unrealengine.com,html,4,2,0.5,2025-08-13T02:06:03.374486
https://www.cryengine.com,html,32,8,0.25,2025-08-13T02:09:11.028932
https://www.amazonlumberyard.com,html,0,0,N/A,2025-08-13T02:09:52.822267
https://www.construct.net,html,27,26,0.9629629629629629,2025-08-13T02:09:58.387187
https://www.gamemaker.io,html,36,35,0.9722222222222222,2025-08-13T02:10:12.755626
https://www.rpgmakerweb.com,html,93,92,0.989247311827957,2025-08-13T02:10:23.233398
https://www.renpy.org,html,42,6,0.14285714285714285,2025-08-13T02:10:56.337494
https://www.twinery.org,html,26,7,0.2692307692307692,2025-08-13T02:12:06.250927
https://www.inkle.co.uk,html,0,0,N/A,2025-08-13T02:12:47.758220
https://www.yoyogames.com,html,24,20,0.8333333333333334,2025-08-13T02:12:50.773517
https://www.scirra.com,html,1,0,0.0,2025-08-13T02:13:26.563174
https://www.clickteam.com,html,5,2,0.4,2025-08-13T02:13:49.308302
https://www.stencyl.com,html,23,22,0.9565217391304348,2025-08-13T02:14:26.892547
https://www.gamesalad.com,html,13,5,0.38461538461538464,2025-08-13T02:15:30.403354
https://www.buildbox.com,html,1,0,0.0,2025-08-13T02:16:06.308098
https://www.gdevelop.io,html,143,58,0.40559440559440557,2025-08-13T02:17:10.030036
https://www.defold.com,html,46,2,0.043478260869565216,2025-08-13T02:20:32.383521
https://www.cocos.com,html,31,0,0.0,2025-08-13T02:21:33.008811
https://www.corona-labs.com,html,2,1,0.5,2025-08-13T02:22:14.248447
https://www.marmalade-tech.com,html,0,0,N/A,2025-08-13T02:22:36.297442
https://www.shiva-engine.com,html,24,4,0.16666666666666666,2025-08-13T02:22:37.616068
https://www.leadwerks.com,html,1,0,0.0,2025-08-13T02:22:54.617219
https://www.stride3d.net,html,54,1,0.018518518518518517,2025-08-13T02:23:04.441251
https://www.armory3d.org,html,6,5,0.8333333333333334,2025-08-13T02:23:32.653848
https://github.com,spa,99,98,0.98989898989899,2025-08-13T02:23:41.117565
https://gitlab.com,spa,68,67,0.9852941176470589,2025-08-13T02:23:59.450718
https://bitbucket.org,spa,4,1,0.25,2025-08-13T02:24:16.376269
https://www.notion.so,spa,69,68,0.9855072463768116,2025-08-13T02:24:35.118804
https://www.figma.com,spa,124,80,0.6451612903225806,2025-08-13T02:24:54.497476
https://www.canva.com,spa,28,27,0.9642857142857143,2025-08-13T02:25:27.130776
https://www.miro.com,spa,0,0,N/A,2025-08-13T02:25:41.894314
https://www.airtable.com,spa,7,2,0.2857142857142857,2025-08-13T02:25:59.023876
https://www.monday.com,spa,19,0,0.0,2025-08-13T02:26:24.825991
https://www.asana.com,spa,3,2,0.6666666666666666,2025-08-13T02:26:56.893960
https://www.trello.com,spa,61,0,0.0,2025-08-13T02:27:21.917121
https://www.jira.atlassian.com,spa,13,0,0.0,2025-08-13T02:30:36.423151
https://www.slack.com,spa,152,84,0.5526315789473685,2025-08-13T02:33:19.800179
https://www.discord.com,spa,225,195,0.8666666666666667,2025-08-13T02:33:50.881904
https://www.zoom.us,spa,1164,1035,0.8891752577319587,2025-08-13T02:34:25.076003
https://www.teams.microsoft.com,spa,3,2,0.6666666666666666,2025-08-13T02:34:58.647528
https://www.meet.google.com,spa,2,1,0.5,2025-08-13T02:35:32.335102
https://www.whereby.com,spa,314,275,0.8757961783439491,2025-08-13T02:35:58.754128
https://www.around.co,spa,2,1,0.5,2025-08-13T02:36:55.097979
https://www.butter.us,spa,24,5,0.20833333333333334,2025-08-13T02:37:34.841920
https://www.gmail.com,spa,0,0,N/A,2025-08-13T02:37:44.770450
https://www.outlook.com,spa,6,0,0.0,2025-08-13T02:37:45.980533
https://www.mail.yahoo.com,spa,0,0,N/A,2025-08-13T02:38:18.525029
https://www.protonmail.com,spa,60,0,0.0,2025-08-13T02:38:22.977666
https://www.tutanota.com,spa,13,12,0.9230769230769231,2025-08-13T02:39:10.893258
https://www.hey.com,spa,3,1,0.3333333333333333,2025-08-13T02:42:18.250304
https://www.spark.app,spa,46,34,0.7391304347826086,2025-08-13T02:44:26.262306
https://www.superhuman.com,spa,3,1,0.3333333333333333,2025-08-13T02:45:09.704251
https://www.front.com,spa,158,71,0.44936708860759494,2025-08-13T02:45:44.357368
https://www.missive.com,spa,13,11,0.8461538461538461,2025-08-13T02:46:11.646298
https://www.netflix.com,spa,176,12,0.06818181818181818,2025-08-13T02:46:52.451902
https://www.hulu.com,spa,13,3,0.23076923076923078,2025-08-13T02:47:33.819147
https://www.disneyplus.com,spa,122,121,0.9918032786885246,2025-08-13T02:47:49.907663
https://www.primevideo.com,spa,1,0,0.0,2025-08-13T02:48:19.706802
https://www.hbomax.com,spa,114,36,0.3157894736842105,2025-08-13T02:48:31.411297
https://www.peacocktv.com,spa,2,1,0.5,2025-08-13T02:49:10.542723
https://www.paramountplus.com,spa,24,22,0.9166666666666666,2025-08-13T02:49:26.757024
https://www.appletv.plus,spa,0,0,N/A,2025-08-13T02:50:03.716188
https://www.youtube.com/tv,spa,31,0,0.0,2025-08-13T02:50:28.545631
https://www.twitch.tv,spa,34,30,0.8823529411764706,2025-08-13T02:51:22.407047
https://www.spotify.com,spa,3,2,0.6666666666666666,2025-08-13T02:54:31.773538
https://www.music.apple.com,spa,16,3,0.1875,2025-08-13T02:56:33.634796
https://www.music.youtube.com,spa,57,25,0.43859649122807015,2025-08-13T02:57:16.837204
https://www.tidal.com,spa,1,0,0.0,2025-08-13T02:58:00.984586
https://www.deezer.com,spa,1,0,0.0,2025-08-13T02:58:39.173558
https://www.pandora.com,spa,11,10,0.9090909090909091,2025-08-13T02:58:53.404018
https://www.soundcloud.com,spa,12,3,0.25,2025-08-13T02:59:28.024591
https://www.bandcamp.com,spa,1,0,0.0,2025-08-13T03:00:08.180169
https://www.mixcloud.com,spa,11,1,0.09090909090909091,2025-08-13T03:00:29.694952
https://www.audiomack.com,spa,106,13,0.12264150943396226,2025-08-13T03:00:52.122621
https://www.dropbox.com,spa,15,0,0.0,2025-08-13T03:04:24.983544
https://www.drive.google.com,spa,4,1,0.25,2025-08-13T03:07:39.363880
https://www.onedrive.com,spa,6,0,0.0,2025-08-13T03:08:21.376694
https://www.icloud.com,spa,0,0,N/A,2025-08-13T03:08:40.964839
https://www.box.com,spa,24,14,0.5833333333333334,2025-08-13T03:08:45.569671
https://www.mega.nz,spa,4,2,0.5,2025-08-13T03:09:04.608752
https://www.pcloud.com,spa,47,43,0.9148936170212766,2025-08-13T03:09:28.072009
https://www.sync.com,spa,112,46,0.4107142857142857,2025-08-13T03:09:42.324345
https://www.tresorit.com,spa,37,34,0.918918918918919,2025-08-13T03:10:22.058997
https://www.icedrive.net,spa,14,5,0.35714285714285715,2025-08-13T03:10:49.195332
https://www.codesandbox.io,spa,6,1,0.16666666666666666,2025-08-13T03:11:14.028375
https://www.codepen.io,spa,11,10,0.9090909090909091,2025-08-13T03:11:23.936984
https://www.jsfiddle.net,spa,45,0,0.0,2025-08-13T03:11:41.625865
https://www.replit.com,spa,73,72,0.9863013698630136,2025-08-13T03:12:14.886613
https://www.stackblitz.com,spa,105,3,0.02857142857142857,2025-08-13T03:12:26.501967
https://www.glitch.com,spa,21,1,0.047619047619047616,2025-08-13T03:12:55.203385
https://www.codesandbox.io,spa,6,1,0.16666666666666666,2025-08-13T03:14:05.131171
https://www.gitpod.io,spa,51,2,0.0392156862745098,2025-08-13T03:14:13.324737
https://www.idx.dev,spa,9,2,0.2222222222222222,2025-08-13T03:14:54.622950
https://www.vscode.dev,spa,4,0,0.0,2025-08-13T03:18:10.537049
https://www.vercel.com,spa,72,8,0.1111111111111111,2025-08-13T03:18:45.779978
https://www.netlify.com,spa,7,6,0.8571428571428571,2025-08-13T03:19:28.044929
https://www.heroku.com,spa,113,109,0.9646017699115044,2025-08-13T03:19:38.475803
https://www.render.com,spa,1,0,0.0,2025-08-13T03:20:00.842991
https://www.railway.app,spa,6,5,0.8333333333333334,2025-08-13T03:20:29.314503
https://www.fly.io,spa,28,27,0.9642857142857143,2025-08-13T03:20:41.647492
https://www.cyclic.sh,spa,188,21,0.11170212765957446,2025-08-13T03:20:58.183653
https://www.deta.sh,spa,78,1,0.01282051282051282,2025-08-13T03:21:36.356356
https://www.glitch.com,spa,1,0,0.0,2025-08-13T03:22:14.259719
https://www.repl.it,spa,2,1,0.5,2025-08-13T03:22:55.083511
https://www.linear.app,spa,132,62,0.4696969696969697,2025-08-13T03:23:28.717778
https://www.height.app,spa,116,115,0.9913793103448276,2025-08-13T03:24:03.832395
https://www.clickup.com,spa,324,177,0.5462962962962963,2025-08-13T03:24:15.066258
https://www.basecamp.com,spa,5,0,0.0,2025-08-13T03:25:38.501519
https://www.todoist.com,spa,10,9,0.9,2025-08-13T03:28:53.381044
https://www.any.do,spa,148,3,0.02027027027027027,2025-08-13T03:31:40.786295
https://www.ticktick.com,spa,31,30,0.967741935483871,2025-08-13T03:32:16.907976
https://www.things3.com,spa,4,3,0.75,2025-08-13T03:32:29.192739
https://www.omnifocus.com,spa,11,10,0.9090909090909091,2025-08-13T03:32:37.458006
https://www.nozbe.com,spa,1,0,0.0,2025-08-13T03:32:51.742078
https://www.evernote.com,spa,8,4,0.5,2025-08-13T03:33:09.690076
https://www.onenote.com,spa,110,32,0.2909090909090909,2025-08-13T03:33:27.169023
https://www.bear.app,spa,46,31,0.6739130434782609,2025-08-13T03:33:49.865397
https://www.obsidian.md,spa,35,11,0.3142857142857143,2025-08-13T03:34:05.438240
https://www.roamresearch.com,spa,137,51,0.3722627737226277,2025-08-13T03:34:34.830227
https://www.logseq.com,spa,5,4,0.8,2025-08-13T03:35:07.027789
https://www.remnote.com,spa,86,5,0.05813953488372093,2025-08-13T03:35:20.997834
https://www.mem.ai,spa,13,7,0.5384615384615384,2025-08-13T03:35:52.305897
https://www.reflect.app,spa,33,1,0.030303030303030304,2025-08-13T03:36:03.007375
https://www.craft.do,spa,141,8,0.05673758865248227,2025-08-13T03:36:17.463173
https://www.coda.io,spa,124,120,0.967741935483871,2025-08-13T03:36:49.796516
https://www.notion.so,spa,69,68,0.9855072463768116,2025-08-13T03:36:56.986134
https://www.clickup.com,spa,86,10,0.11627906976744186,2025-08-13T03:40:01.116178
https://www.airtable.com,spa,7,2,0.2857142857142857,2025-08-13T03:43:09.437627
https://www.smartsheet.com,spa,21,2,0.09523809523809523,2025-08-13T03:43:27.317959
https://www.wrike.com,spa,189,185,0.9788359788359788,2025-08-13T03:43:42.605997
https://www.teamwork.com,spa,104,103,0.9903846153846154,2025-08-13T03:43:52.621238
https://www.freedcamp.com,spa,14,10,0.7142857142857143,2025-08-13T03:44:03.691065
https://www.paymoapp.com,spa,227,2,0.00881057268722467,2025-08-13T03:44:14.026078
https://www.toggl.com,spa,50,49,0.98,2025-08-13T03:44:46.259989
https://www.clockify.me,spa,340,5,0.014705882352941176,2025-08-13T03:45:03.049365
https://www.harvest.com,spa,13,4,0.3076923076923077,2025-08-13T03:46:01.999185
https://www.rescuetime.com,spa,53,52,0.9811320754716981,2025-08-13T03:46:15.157542
https://www.timecamp.com,spa,336,293,0.8720238095238095,2025-08-13T03:46:25.714692
https://www.timely.com,spa,244,243,0.9959016393442623,2025-08-13T03:46:39.458946
https://www.everhour.com,spa,7,4,0.5714285714285714,2025-08-13T03:46:54.687322
https://www.tmetric.com,spa,205,0,0.0,2025-08-13T03:47:04.927346
https://www.hubstaff.com,spa,88,12,0.13636363636363635,2025-08-13T03:47:47.374345
https://www.time-doctor.com,spa,6,1,0.16666666666666666,2025-08-13T03:48:36.335847
https://www.desktime.com,spa,178,24,0.1348314606741573,2025-08-13T03:49:06.574646
https://www.mint.com,spa,7,0,0.0,2025-08-13T03:52:25.560895
https://www.personalcapital.com,spa,140,0,0.0,2025-08-13T03:54:26.891081
https://www.ynab.com,spa,61,60,0.9836065573770492,2025-08-13T03:54:55.751051
https://www.everydollar.com,spa,131,9,0.06870229007633588,2025-08-13T03:55:23.304622
https://www.pocketguard.com,spa,20,19,0.95,2025-08-13T03:55:50.201242
https://www.truebill.com,spa,251,249,0.9920318725099602,2025-08-13T03:55:58.848352
https://www.clarity.money.com,spa,0,0,N/A,2025-08-13T03:56:09.101963
https://www.emma-app.com,spa,37,33,0.8918918918918919,2025-08-13T03:56:15.690383
https://www.spendee.com,spa,40,5,0.125,2025-08-13T03:56:27.982672
https://www.wally.me,spa,2,1,0.5,2025-08-13T03:56:54.664723
https://www.robinhood.com,spa,7,6,0.8571428571428571,2025-08-13T03:57:03.997513
https://www.etrade.com,spa,28,23,0.8214285714285714,2025-08-13T03:57:15.483130
https://www.tdameritrade.com,spa,85,41,0.4823529411764706,2025-08-13T03:57:25.470064
https://www.fidelity.com,spa,1,1,1.0,2025-08-13T03:57:50.173784
https://www.schwab.com,spa,1,1,1.0,2025-08-13T03:57:56.125598
https://www.vanguard.com,spa,1,1,1.0,2025-08-13T03:58:02.511775
https://www.interactivebrokers.com,spa,1,1,1.0,2025-08-13T03:58:07.575709
https://www.webull.com,spa,1,1,1.0,2025-08-13T03:58:13.041659
https://www.public.com,spa,1,1,1.0,2025-08-13T03:58:18.698031
https://www.sofi.com,spa,1,1,1.0,2025-08-13T03:58:23.885974
https://www.coinbase.com,spa,1,1,1.0,2025-08-13T03:58:29.704998
https://www.binance.com,spa,1,1,1.0,2025-08-13T03:58:34.901811
https://www.kraken.com,spa,1,1,1.0,2025-08-13T03:58:40.193870
https://www.gemini.com,spa,1,1,1.0,2025-08-13T03:58:45.602075
https://www.crypto.com,spa,20,0,0.0,2025-08-13T03:58:57.987816
https://www.ftx.com,spa,1,1,1.0,2025-08-13T03:59:33.408518
https://www.kucoin.com,spa,1,1,1.0,2025-08-13T03:59:38.689014
https://www.bitfinex.com,spa,1,1,1.0,2025-08-13T03:59:43.753134
https://www.bitstamp.com,spa,1,1,1.0,2025-08-13T03:59:48.663332
https://www.okx.com,spa,1,1,1.0,2025-08-13T03:59:53.847852
https://www.opensea.io,spa,251,179,0.7131474103585658,2025-08-13T03:59:59.385887
https://www.rarible.com,spa,1,1,1.0,2025-08-13T04:00:53.182010
https://www.foundation.app,spa,71,50,0.704225352112676,2025-08-13T04:03:54.661997
https://www.superrare.com,spa,61,60,0.9836065573770492,2025-08-13T04:07:22.807731
https://www.niftygateway.com,spa,279,87,0.3118279569892473,2025-08-13T04:07:32.226439
https://www.makersplace.com,spa,17,10,0.5882352941176471,2025-08-13T04:08:04.983456
https://www.knownorigin.io,spa,11,7,0.6363636363636364,2025-08-13T04:08:33.924230
https://www.asyncart.com,spa,13,8,0.6153846153846154,2025-08-13T04:08:56.374583
https://www.zora.co,spa,72,6,0.08333333333333333,2025-08-13T04:09:12.390483
https://www.catalog.works,spa,64,4,0.0625,2025-08-13T04:09:39.963109
https://www.photoshop.com,spa,7,0,0.0,2025-08-13T04:10:27.677817
https://www.illustrator.com,spa,2,1,0.5,2025-08-13T04:11:13.341431
https://www.indesign.com,spa,3,2,0.6666666666666666,2025-08-13T04:11:36.612666
https://www.premierpro.com,spa,18,15,0.8333333333333334,2025-08-13T04:11:50.967057
https://www.aftereffects.com,spa,0,0,N/A,2025-08-13T04:15:02.056159
https://www.lightroom.com,spa,57,4,0.07017543859649122,2025-08-13T04:16:50.221250
https://www.xd.adobe.com,spa,1,0,0.0,2025-08-13T04:17:28.059628
https://www.framer.com,spa,7,6,0.8571428571428571,2025-08-13T04:17:43.416967
https://www.principle.app,spa,33,12,0.36363636363636365,2025-08-13T04:17:58.825227
https://www.origami.design,spa,119,5,0.04201680672268908,2025-08-13T04:18:40.788944
https://www.invisionapp.com,spa,95,4,0.042105263157894736,2025-08-13T04:19:11.426154
https://www.marvel.app,spa,0,0,N/A,2025-08-13T04:19:39.289096
https://www.proto.io,spa,80,79,0.9875,2025-08-13T04:19:42.102632
https://www.justinmind.com,spa,15,0,0.0,2025-08-13T04:20:02.360547
https://www.mockflow.com,spa,174,37,0.21264367816091953,2025-08-13T04:20:18.329185
https://www.balsamiq.com,spa,147,3,0.02040816326530612,2025-08-13T04:20:47.022141
https://www.lucidchart.com,spa,2,1,0.5,2025-08-13T04:21:25.482242
https://www.draw.io,spa,11,10,0.9090909090909091,2025-08-13T04:22:03.817004
https://www.mural.co,spa,75,16,0.21333333333333335,2025-08-13T04:23:11.520543
https://www.milanote.com,spa,27,0,0.0,2025-08-13T04:23:57.253890
https://www.whimsical.com,spa,1,0,0.0,2025-08-13T04:27:10.309027
https://www.excalidraw.com,spa,11,7,0.6363636363636364,2025-08-13T04:30:05.766519
https://www.tldraw.com,spa,19,0,0.0,2025-08-13T04:30:18.297099
https://www.concepts.app,spa,0,0,N/A,2025-08-13T04:30:58.238084
https://www.procreate.app,spa,0,0,N/A,2025-08-13T04:31:08.759473
https://www.affinity.serif.com,spa,40,0,0.0,2025-08-13T04:31:15.499101
https://www.sketch.com,spa,95,27,0.28421052631578947,2025-08-13T04:31:48.010667
https://www.pixelmator.com,spa,116,1,0.008620689655172414,2025-08-13T04:32:28.063697
https://www.canva.com,spa,6,0,0.0,2025-08-13T04:33:02.115668
https://www.piktochart.com,spa,40,39,0.975,2025-08-13T04:33:23.423058
https://www.venngage.com,spa,24,2,0.08333333333333333,2025-08-13T04:33:49.581270
https://www.infogram.com,spa,98,97,0.9897959183673469,2025-08-13T04:34:14.039698
https://www.visme.co,spa,58,57,0.9827586206896551,2025-08-13T04:34:52.465167
https://www.crello.com,spa,33,0,0.0,2025-08-13T04:36:18.725540
https://www.snappa.com,spa,1,0,0.0,2025-08-13T04:39:42.278222
https://www.stencil.com,spa,16,1,0.0625,2025-08-13T04:41:10.168786
https://www.picmonkey.com,spa,33,32,0.9696969696969697,2025-08-13T04:41:27.291047
https://www.befunky.com,spa,1,0,0.0,2025-08-13T04:42:07.773256
https://www.fotor.com,spa,39,38,0.9743589743589743,2025-08-13T04:42:19.884912
https://www.photopea.com,spa,11,0,0.0,2025-08-13T04:42:32.125981
https://www.sumopaint.com,spa,40,2,0.05,2025-08-13T04:42:50.260203
https://www.pixlr.com,spa,103,28,0.27184466019417475,2025-08-13T04:43:07.023040
https://www.ribbet.com,spa,31,17,0.5483870967741935,2025-08-13T04:43:47.727318
https://www.fotojet.com,spa,15,10,0.6666666666666666,2025-08-13T04:44:08.658406
https://www.designcap.com,spa,34,33,0.9705882352941176,2025-08-13T04:44:20.740954
https://www.creatopy.com,spa,231,176,0.7619047619047619,2025-08-13T04:44:30.422084
https://www.bannersnack.com,spa,20,0,0.0,2025-08-13T04:44:59.760292
https://www.displayr.com,spa,10,1,0.1,2025-08-13T04:45:22.244865
https://www.flourish.studio,spa,170,22,0.12941176470588237,2025-08-13T04:45:39.667344
https://www.datawrapper.de,spa,107,53,0.4953271028037383,2025-08-13T04:46:18.673201
https://www.tableau.com,spa,73,46,0.6301369863013698,2025-08-13T04:46:53.889410
https://www.powerbi.microsoft.com,spa,37,36,0.972972972972973,2025-08-13T04:47:42.090815
https://www.looker.com,spa,7,2,0.2857142857142857,2025-08-13T04:47:56.611991
https://www.metabase.com,spa,6,0,0.0,2025-08-13T04:48:17.667843
https://www.redash.io,spa,44,9,0.20454545454545456,2025-08-13T04:48:40.231769
https://www.superset.apache.org,spa,6,3,0.5,2025-08-13T04:49:05.773302
https://www.grafana.com,spa,14,4,0.2857142857142857,2025-08-13T04:52:22.438277
https://www.kibana.elastic.co,spa,0,0,N/A,2025-08-13T04:52:56.360952
https://www.splunk.com,spa,8,3,0.375,2025-08-13T04:53:09.792670
https://www.datadog.com,spa,31,23,0.7419354838709677,2025-08-13T04:53:46.877091
https://www.newrelic.com,spa,1,0,0.0,2025-08-13T04:54:17.708679
https://www.appdynamics.com,spa,15,8,0.5333333333333333,2025-08-13T04:54:37.083393
https://www.dynatrace.com,spa,94,58,0.6170212765957447,2025-08-13T04:54:56.046938
https://www.sentry.io,spa,9,8,0.8888888888888888,2025-08-13T04:55:21.706664
https://www.rollbar.com,spa,22,5,0.22727272727272727,2025-08-13T04:55:45.098073
https://www.bugsnag.com,spa,20,19,0.95,2025-08-13T04:58:53.800403
https://www.airbrake.io,spa,0,0,N/A,2025-08-13T05:01:53.490333
https://www.honeybadger.io,spa,52,20,0.38461538461538464,2025-08-13T05:04:25.933918
https://www.raygun.com,spa,61,60,0.9836065573770492,2025-08-13T05:05:01.286110
https://www.logrocket.com,spa,68,67,0.9852941176470589,2025-08-13T05:05:20.940906
https://www.fullstory.com,spa,4,1,0.25,2025-08-13T05:05:44.328069
https://www.hotjar.com,spa,18,17,0.9444444444444444,2025-08-13T05:06:27.191694
https://www.crazyegg.com,spa,33,3,0.09090909090909091,2025-08-13T05:06:59.767509
https://www.mouseflow.com,spa,5,1,0.2,2025-08-13T05:07:59.404866
https://www.luckyorange.com,spa,328,327,0.9969512195121951,2025-08-13T05:08:15.136328
https://www.inspectlet.com,spa,53,36,0.6792452830188679,2025-08-13T05:09:50.716070
https://www.uservoice.com,spa,6,0,0.0,2025-08-13T05:12:59.469202
https://www.zendesk.com,spa,64,4,0.0625,2025-08-13T05:16:08.512796
https://www.intercom.com,spa,21,0,0.0,2025-08-13T05:16:48.019877
https://www.drift.com,spa,3,0,0.0,2025-08-13T05:17:30.637613
https://www.crisp.chat,spa,0,0,N/A,2025-08-13T05:17:55.905005
https://www.livechat.com,spa,132,8,0.06060606060606061,2025-08-13T05:17:58.667070
https://www.olark.com,spa,28,23,0.8214285714285714,2025-08-13T05:18:43.967743
https://www.tawk.to,spa,0,0,N/A,2025-08-13T05:19:20.732802
https://www.chatra.com,spa,85,1,0.011764705882352941,2025-08-13T05:20:16.137606
https://www.comm100.com,spa,132,107,0.8106060606060606,2025-08-13T05:20:44.245229
https://www.helpscout.com,spa,57,17,0.2982456140350877,2025-08-13T05:21:09.144181
https://www.groove.hq,spa,0,0,N/A,2025-08-13T05:22:33.905708
https://www.kayako.com,spa,21,1,0.047619047619047616,2025-08-13T05:25:30.479703
https://www.freshdesk.com,spa,47,43,0.9148936170212766,2025-08-13T05:27:45.944565
https://api.github.com,api,1,0,0.0,2025-08-13T05:28:00.701822
https://api.gitlab.com,api,0,0,N/A,2025-08-13T05:28:20.977383
https://api.bitbucket.org,api,34,12,0.35294117647058826,2025-08-13T05:29:08.129333
https://api.twitter.com,api,47,46,0.9787234042553191,2025-08-13T05:29:30.573950
https://graph.facebook.com,api,13,2,0.15384615384615385,2025-08-13T05:30:10.177125
https://api.instagram.com,api,0,0,N/A,2025-08-13T05:30:44.801360
https://api.linkedin.com,api,33,2,0.06060606060606061,2025-08-13T05:30:54.847337
https://api.pinterest.com,api,0,0,N/A,2025-08-13T05:31:16.418171
https://api.reddit.com,api,1,0,0.0,2025-08-13T05:31:17.945658
https://api.tumblr.com,api,3,1,0.3333333333333333,2025-08-13T05:31:37.953419
https://api.flickr.com,api,0,0,N/A,2025-08-13T05:32:17.388644
https://api.vimeo.com,api,25,20,0.8,2025-08-13T05:32:26.516927
https://api.dailymotion.com,api,1,0,0.0,2025-08-13T05:33:04.280927
https://api.twitch.tv,api,0,0,N/A,2025-08-13T05:33:24.970369
https://api.youtube.com,api,0,0,N/A,2025-08-13T05:35:11.517167
https://api.spotify.com,api,0,0,N/A,2025-08-13T05:36:03.782829
https://api.soundcloud.com,api,4,3,0.75,2025-08-13T05:39:01.492564
https://api.deezer.com,api,1,0,0.0,2025-08-13T05:39:16.622721
https://api.tidal.com,api,4,3,0.75,2025-08-13T05:39:28.015695
https://api.napster.com,api,0,0,N/A,2025-08-13T05:40:13.539403
https://api.stripe.com,api,0,0,N/A,2025-08-13T05:40:15.090809
https://api.paypal.com,api,0,0,N/A,2025-08-13T05:40:23.956124
https://api.square.com,api,0,0,N/A,2025-08-13T05:41:08.764357
https://api.braintreepayments.com,api,0,0,N/A,2025-08-13T05:41:16.097409
https://api.authorize.net,api,0,0,N/A,2025-08-13T05:41:23.855195
https://api.2checkout.com,api,0,0,N/A,2025-08-13T05:41:30.927497
https://api.recurly.com,api,0,0,N/A,2025-08-13T05:41:34.479752
https://api.chargebee.com,api,0,0,N/A,2025-08-13T05:41:55.021215
https://api.paddle.com,api,5,2,0.4,2025-08-13T05:41:56.100099
https://api.razorpay.com,api,0,0,N/A,2025-08-13T05:42:06.401925
https://api.slack.com,api,1,1,1.0,2025-08-13T05:42:07.664008
https://api.discord.com,api,0,0,N/A,2025-08-13T05:42:18.162427
https://api.telegram.org,api,0,0,N/A,2025-08-13T05:42:39.854033
https://api.whatsapp.com,api,10,9,0.9,2025-08-13T05:42:53.275086
https://api.zoom.us,api,42,38,0.9047619047619048,2025-08-13T05:43:16.880583
https://api.teams.microsoft.com,api,0,0,N/A,2025-08-13T05:43:35.478166
https://api.webex.com,api,28,1,0.03571428571428571,2025-08-13T05:43:36.705015
https://api.gotomeeting.com,api,0,0,N/A,2025-08-13T05:45:09.615642
https://api.skype.com,api,0,0,N/A,2025-08-13T05:48:13.443117
https://api.viber.com,api,0,0,N/A,2025-08-13T05:51:19.018212
https://api.dropbox.com,api,31,16,0.5161290322580645,2025-08-13T05:51:48.734862
https://api.box.com,api,0,0,N/A,2025-08-13T05:52:28.119261
https://api.onedrive.com,api,0,0,N/A,2025-08-13T05:52:35.132026
https://api.googledrive.com,api,0,0,N/A,2025-08-13T05:52:43.974161
https://api.icloud.com,api,0,0,N/A,2025-08-13T05:52:47.256760
https://api.mega.nz,api,0,0,N/A,2025-08-13T05:53:04.852023
https://api.pcloud.com,api,0,0,N/A,2025-08-13T05:53:44.824903
https://api.mediafire.com,api,0,0,N/A,2025-08-13T05:54:05.506913
https://api.wetransfer.com,api,0,0,N/A,2025-08-13T05:54:29.879160
https://api.sendspace.com,api,44,13,0.29545454545454547,2025-08-13T05:54:34.307167
https://api.openweathermap.org,api,33,25,0.7575757575757576,2025-08-13T05:55:12.016580
https://api.weatherapi.com,api,1,0,0.0,2025-08-13T05:55:34.579080
https://api.darksky.net,api,0,0,N/A,2025-08-13T05:55:52.351921
https://api.weather.gov,api,1,0,0.0,2025-08-13T05:55:59.370028
https://api.meteostat.net,api,6,5,0.8333333333333334,2025-08-13T05:56:15.580644
https://api.climacell.co,api,0,0,N/A,2025-08-13T05:59:05.815997
https://api.stormglass.io,api,0,0,N/A,2025-08-13T05:59:19.654932
https://api.windy.com,api,63,2,0.031746031746031744,2025-08-13T06:02:12.275634
https://api.weatherstack.com,api,0,0,N/A,2025-08-13T06:02:27.941420
https://api.weatherbit.io,api,1,0,0.0,2025-08-13T06:02:30.212249
https://maps.googleapis.com,api,10,5,0.5,2025-08-13T06:02:46.677306
https://api.mapbox.com,api,1,0,0.0,2025-08-13T06:03:12.309707
https://api.here.com,api,0,0,N/A,2025-08-13T06:03:48.695343
https://api.tomtom.com,api,0,0,N/A,2025-08-13T06:04:22.688546
https://api.openstreetmap.org,api,28,18,0.6428571428571429,2025-08-13T06:04:29.781228
https://api.bing.com/maps,api,0,0,N/A,2025-08-13T06:04:50.159210
https://api.arcgis.com,api,0,0,N/A,2025-08-13T06:05:00.092763
https://api.mapquest.com,api,0,0,N/A,2025-08-13T06:05:06.364766
https://api.opencagedata.com,api,1,0,0.0,2025-08-13T06:05:17.256964
https://api.geoapify.com,api,0,0,N/A,2025-08-13T06:05:27.491298
https://api.nasa.gov,api,19,1,0.05263157894736842,2025-08-13T06:05:29.014072
https://api.spacex.com,api,0,0,N/A,2025-08-13T06:06:54.753853
https://api.esa.int,api,1,0,0.0,2025-08-13T06:07:09.263212
https://api.isro.gov.in,api,0,0,N/A,2025-08-13T06:07:28.196677
https://api.jaxa.jp,api,0,0,N/A,2025-08-13T06:07:35.087539
https://api.n2yo.com,api,0,0,N/A,2025-08-13T06:07:45.000743
https://api.astronomyapi.com,api,0,0,N/A,2025-08-13T06:08:13.218795
https://api.ipgeolocation.io,api,1,0,0.0,2025-08-13T06:08:17.564297
https://api.wheretheiss.at,api,0,0,N/A,2025-08-13T06:08:40.678616
https://api.launch.report,api,0,0,N/A,2025-08-13T06:08:57.381799
https://newsapi.org,api,30,26,0.8666666666666667,2025-08-13T06:11:50.596854
https://api.nytimes.com,api,0,0,N/A,2025-08-13T06:14:55.009062
https://api.theguardian.com,api,0,0,N/A,2025-08-13T06:14:56.356669
https://api.reuters.com,api,0,0,N/A,2025-08-13T06:15:42.905857
https://api.bloomberg.com,api,0,0,N/A,2025-08-13T06:15:54.779633
https://api.wsj.com,api,0,0,N/A,2025-08-13T06:16:02.887599
https://api.ft.com,api,0,0,N/A,2025-08-13T06:16:10.773973
https://api.economist.com,api,53,52,0.9811320754716981,2025-08-13T06:16:12.959113
https://api.bbc.com,api,0,0,N/A,2025-08-13T06:16:33.813986
https://api.cnn.com,api,122,121,0.9918032786885246,2025-08-13T06:16:50.768605
https://api.coindesk.com,api,1,0,0.0,2025-08-13T06:17:00.990978
https://api.coingecko.com,api,0,0,N/A,2025-08-13T06:17:11.118009
https://api.coinmarketcap.com,api,1,0,0.0,2025-08-13T06:17:47.376540
https://api.binance.com,api,1,0,0.0,2025-08-13T06:17:59.854252
https://api.coinbase.com,api,0,0,N/A,2025-08-13T06:18:15.022168
https://api.kraken.com,api,1,0,0.0,2025-08-13T06:18:19.874173
https://api.bitfinex.com,api,0,0,N/A,2025-08-13T06:18:50.556037
https://api.poloniex.com,api,0,0,N/A,2025-08-13T06:18:58.421983
https://api.gemini.com,api,0,0,N/A,2025-08-13T06:19:01.943416
https://api.crypto.com,api,0,0,N/A,2025-08-13T06:19:08.285003
https://api.etherscan.io,api,1,0,0.0,2025-08-13T06:19:10.391424
https://api.blockchain.info,api,0,0,N/A,2025-08-13T06:19:26.557563
https://api.blockcypher.com,api,0,0,N/A,2025-08-13T06:19:33.665505
https://api.chainlink.com,api,0,0,N/A,2025-08-13T06:19:47.238602
https://api.infura.io,api,0,0,N/A,2025-08-13T06:20:02.547079
https://api.alchemy.com,api,0,0,N/A,2025-08-13T06:20:35.111571
https://api.moralis.io,api,0,0,N/A,2025-08-13T06:21:43.730136
https://api.quicknode.com,api,0,0,N/A,2025-08-13T06:22:10.818289
https://api.thegraph.com,api,0,0,N/A,2025-08-13T06:22:31.786103
https://api.covalenthq.com,api,0,0,N/A,2025-08-13T06:25:42.264994
https://api.twilio.com,api,0,0,N/A,2025-08-13T06:25:43.673894
https://api.sendgrid.com,api,0,0,N/A,2025-08-13T06:25:57.926798
https://api.mailgun.com,api,0,0,N/A,2025-08-13T06:26:06.793719
https://api.sparkpost.com,api,1,0,0.0,2025-08-13T06:26:14.191382
https://api.sendinblue.com,api,5,1,0.2,2025-08-13T06:26:46.117665
https://api.mailchimp.com,api,0,0,N/A,2025-08-13T06:27:02.750726
https://api.constantcontact.com,api,0,0,N/A,2025-08-13T06:27:15.544633
https://api.getresponse.com,api,0,0,N/A,2025-08-13T06:27:32.365133
https://api.aweber.com,api,22,0,0.0,2025-08-13T06:27:33.832935
https://api.campaignmonitor.com,api,7,3,0.42857142857142855,2025-08-13T06:27:58.221882
https://api.hubspot.com,api,1,0,0.0,2025-08-13T06:28:09.961088
https://api.salesforce.com,api,0,0,N/A,2025-08-13T06:28:32.786774
https://api.pipedrive.com,api,0,0,N/A,2025-08-13T06:28:56.173334
https://api.zoho.com,api,0,0,N/A,2025-08-13T06:29:09.906492
https://api.freshworks.com,api,1,0,0.0,2025-08-13T06:29:11.628795
https://api.copper.com,api,0,0,N/A,2025-08-13T06:29:58.595767
https://api.insightly.com,api,0,0,N/A,2025-08-13T06:31:20.406199
https://api.nutshell.com,api,0,0,N/A,2025-08-13T06:31:50.255491
https://api.agilecrm.com,api,0,0,N/A,2025-08-13T06:32:00.107627
https://api.sugarcrm.com,api,0,0,N/A,2025-08-13T06:32:17.005700
https://api.airtable.com,api,0,0,N/A,2025-08-13T06:32:42.399447
https://api.notion.so,api,0,0,N/A,2025-08-13T06:35:04.498338
https://api.monday.com,api,0,0,N/A,2025-08-13T06:37:55.096449
https://api.asana.com,api,0,0,N/A,2025-08-13T06:38:38.019982
https://api.trello.com,api,45,43,0.9555555555555556,2025-08-13T06:38:50.052666
https://api.jira.atlassian.com,api,0,0,N/A,2025-08-13T06:39:18.631318
https://api.basecamp.com,api,0,0,N/A,2025-08-13T06:40:04.026358
https://api.clickup.com,api,0,0,N/A,2025-08-13T06:40:16.427732
https://api.todoist.com,api,26,25,0.9615384615384616,2025-08-13T06:41:00.253531
https://api.wunderlist.com,api,1,0,0.0,2025-08-13T06:41:27.117583
https://api.algolia.com,api,0,0,N/A,2025-08-13T06:41:56.930145
https://api.elasticsearch.com,api,0,0,N/A,2025-08-13T06:42:12.168660
https://api.meilisearch.com,api,0,0,N/A,2025-08-13T06:45:17.095799
https://api.typesense.org,api,0,0,N/A,2025-08-13T06:48:22.065181
https://api.swiftype.com,api,0,0,N/A,2025-08-13T06:52:12.583135
https://api.searchly.com,api,0,0,N/A,2025-08-13T06:52:36.337553
https://api.bonsai.io,api,0,0,N/A,2025-08-13T06:53:55.283710
https://api.websolr.com,api,0,0,N/A,2025-08-13T06:56:47.755438
https://api.searchbox.io,api,0,0,N/A,2025-08-13T06:59:52.328495
https://api.facetflow.com,api,0,0,N/A,2025-08-13T07:02:47.265283
https://api.aws.amazon.com,api,0,0,N/A,2025-08-13T07:06:20.517903
https://api.cloud.google.com,api,0,0,N/A,2025-08-13T07:10:00.316975
https://api.azure.microsoft.com,api,0,0,N/A,2025-08-13T07:10:32.879031
https://api.digitalocean.com,api,29,7,0.2413793103448276,2025-08-13T07:10:53.803988
https://api.linode.com,api,1,0,0.0,2025-08-13T07:11:20.785587
https://api.vultr.com,api,0,0,N/A,2025-08-13T07:11:53.046060
https://api.ovh.com,api,27,0,0.0,2025-08-13T07:12:39.302489
https://api.hetzner.cloud,api,0,0,N/A,2025-08-13T07:13:53.236966
https://api.scaleway.com,api,1,0,0.0,2025-08-13T07:14:03.990702
https://api.upcloud.com,api,0,0,N/A,2025-08-13T07:17:17.546114
https://api.cloudflare.com,api,19,0,0.0,2025-08-13T07:20:25.389924
https://api.fastly.com,api,16,5,0.3125,2025-08-13T07:22:01.709783
https://api.akamai.com,api,0,0,N/A,2025-08-13T07:22:37.526403
https://api.bunny.net,api,1,0,0.0,2025-08-13T07:24:15.045105
https://api.stackpath.com,api,55,23,0.41818181818181815,2025-08-13T07:24:55.218570
https://api.keycdn.com,api,0,0,N/A,2025-08-13T07:28:11.642988
https://api.cdn77.com,api,0,0,N/A,2025-08-13T07:31:05.275856
https://api.cachefly.com,api,75,74,0.9866666666666667,2025-08-13T07:33:59.175852
https://api.maxcdn.com,api,0,0,N/A,2025-08-13T07:37:16.022327
https://api.jsdelivr.com,api,0,0,N/A,2025-08-13T07:39:59.378643
https://api.vercel.com,api,0,0,N/A,2025-08-13T07:40:06.451272
https://api.netlify.com,api,0,0,N/A,2025-08-13T07:40:19.105028
https://api.heroku.com,api,0,0,N/A,2025-08-13T07:40:38.707216
https://api.render.com,api,1,0,0.0,2025-08-13T07:40:46.866077
https://api.railway.app,api,0,0,N/A,2025-08-13T07:41:04.914091
https://api.fly.io,api,0,0,N/A,2025-08-13T07:41:08.854136
https://api.platform.sh,api,0,0,N/A,2025-08-13T07:41:15.941763
https://api.cloud66.com,api,0,0,N/A,2025-08-13T07:41:29.208652
https://api.engineyard.com,api,0,0,N/A,2025-08-13T07:42:04.803921
https://api.pantheon.io,api,0,0,N/A,2025-08-13T07:42:30.685018
https://api.mongodb.com,api,2,1,0.5,2025-08-13T07:42:58.784563
https://api.postgresql.org,api,0,0,N/A,2025-08-13T07:46:08.657501
https://api.mysql.com,api,0,0,N/A,2025-08-13T07:49:11.249131
https://api.redis.io,api,0,0,N/A,2025-08-13T07:52:06.928372
https://api.cassandra.apache.org,api,0,0,N/A,2025-08-13T07:54:45.839467
https://api.couchdb.apache.org,api,0,0,N/A,2025-08-13T07:54:59.572465
https://api.neo4j.com,api,0,0,N/A,2025-08-13T07:55:05.950694
https://api.arangodb.com,api,0,0,N/A,2025-08-13T07:55:17.196709
https://api.influxdata.com,api,0,0,N/A,2025-08-13T07:58:21.036255
https://api.timescale.com,api,0,0,N/A,2025-08-13T08:01:14.472346
https://api.fauna.com,api,0,0,N/A,2025-08-13T08:04:07.625484
https://api.supabase.io,api,0,0,N/A,2025-08-13T08:07:16.090411
https://api.firebase.google.com,api,0,0,N/A,2025-08-13T08:10:08.746301
https://api.appwrite.io,api,0,0,N/A,2025-08-13T08:10:39.904882
https://api.nhost.io,api,0,0,N/A,2025-08-13T08:10:51.663499
https://api.hasura.io,api,0,0,N/A,2025-08-13T08:11:10.383953
https://api.prisma.io,api,0,0,N/A,2025-08-13T08:11:17.696997
https://api.planetscale.com,api,1,0,0.0,2025-08-13T08:11:31.130485
https://api.cockroachlabs.com,api,0,0,N/A,2025-08-13T08:12:04.073413
https://api.yugabyte.com,api,0,0,N/A,2025-08-13T08:12:25.082559
https://jsonplaceholder.typicode.com,api,7,4,0.5714285714285714,2025-08-13T08:12:33.548746
https://reqres.in/api,api,13,3,0.23076923076923078,2025-08-13T08:12:55.017836
https://fakestoreapi.com,api,24,0,0.0,2025-08-13T08:13:22.558368
https://dummyjson.com,api,16,2,0.125,2025-08-13T08:14:07.287723
https://jsonbin.io/api,api,23,4,0.17391304347826086,2025-08-13T08:14:43.340595
https://mockapi.io,api,5,3,0.6,2025-08-13T08:15:17.195468
https://restcountries.com/v3.1,api,9,6,0.6666666666666666,2025-08-13T08:15:50.919163
https://pokeapi.co/api,api,15,2,0.13333333333333333,2025-08-13T08:19:00.169894
https://swapi.dev/api,api,11,4,0.36363636363636365,2025-08-13T08:22:10.878207
https://rickandmortyapi.com/api,api,16,10,0.625,2025-08-13T08:25:14.253652
https://api.chucknorris.io,api,13,1,0.07692307692307693,2025-08-13T08:25:28.267834
https://api.jokes.one,api,15,2,0.13333333333333333,2025-08-13T08:26:00.392981
https://api.quotable.io,api,0,0,N/A,2025-08-13T08:27:27.445557
https://api.adviceslip.com,api,25,2,0.08,2025-08-13T08:30:26.963926
https://api.kanye.rest,api,1,0,0.0,2025-08-13T08:33:26.305558
https://api.thecatapi.com,api,1,0,0.0,2025-08-13T08:33:40.780639
https://api.thedogapi.com,api,1,0,0.0,2025-08-13T08:35:32.850624
https://api.randomuser.me,api,1,0,0.0,2025-08-13T08:35:44.344439
https://api.genderize.io,api,1,0,0.0,2025-08-13T08:36:02.989088
https://api.agify.io,api,0,0,N/A,2025-08-13T08:36:18.025131
https://api.nationalize.io,api,0,0,N/A,2025-08-13T08:36:24.265702
https://api.ipify.org,api,1,0,0.0,2025-08-13T08:36:44.470834
https://api.ipapi.com,api,0,0,N/A,2025-08-13T08:39:37.599078
https://api.ipstack.com,api,0,0,N/A,2025-08-13T08:40:56.933482
https://api.ipdata.co,api,1,0,0.0,2025-08-13T08:41:25.515888
https://api.currencyapi.com,api,0,0,N/A,2025-08-13T08:41:51.682732
https://api.exchangerate-api.com,api,0,0,N/A,2025-08-13T08:42:00.181962
https://api.fixer.io,api,88,59,0.6704545454545454,2025-08-13T08:42:02.229498
https://api.openexchangerates.org,api,0,0,N/A,2025-08-13T08:42:42.233495
https://api.currencylayer.com,api,0,0,N/A,2025-08-13T08:43:03.072629
https://api.unsplash.com,api,0,0,N/A,2025-08-13T08:43:19.416705
https://api.pexels.com,api,0,0,N/A,2025-08-13T08:43:30.494611
https://api.pixabay.com,api,0,0,N/A,2025-08-13T08:44:04.229654
https://api.giphy.com,api,1,1,1.0,2025-08-13T08:44:50.799365
https://api.tenor.com,api,0,0,N/A,2025-08-13T08:47:55.983187
https://api.imgur.com,api,12,8,0.6666666666666666,2025-08-13T08:50:58.618243
https://api.cloudinary.com,api,0,0,N/A,2025-08-13T08:54:09.037442
https://api.uploadcare.com,api,0,0,N/A,2025-08-13T08:56:03.371260
https://api.filestack.com,api,0,0,N/A,2025-08-13T08:56:07.197153
https://api.imagekit.io,api,0,0,N/A,2025-08-13T08:56:13.006515
https://api.deepai.org,api,30,22,0.7333333333333333,2025-08-13T08:56:17.869793
https://api.openai.com,api,0,0,N/A,2025-08-13T08:56:52.993752
https://api.anthropic.com,api,0,0,N/A,2025-08-13T08:56:59.784789
https://api.cohere.ai,api,0,0,N/A,2025-08-13T08:57:08.747608
https://api.huggingface.co,api,0,0,N/A,2025-08-13T08:57:15.004022
https://api.replicate.com,api,1,0,0.0,2025-08-13T08:57:16.672214
https://api.stability.ai,api,0,0,N/A,2025-08-13T08:57:57.092761
https://api.midjourney.com,api,0,0,N/A,2025-08-13T09:00:15.545178
https://api.leonardo.ai,api,0,0,N/A,2025-08-13T09:03:13.453892
https://api.runwayml.com,api,0,0,N/A,2025-08-13T09:05:51.883882
https://facebook.com,social,24,23,0.9583333333333334,2025-08-13T09:05:51.884880
https://twitter.com,social,1,0,0.0,2025-08-13T09:06:09.020503
https://instagram.com,social,23,21,0.9130434782608695,2025-08-13T09:06:22.492614
https://linkedin.com,social,39,0,0.0,2025-08-13T09:06:50.289707
https://youtube.com,social,0,0,N/A,2025-08-13T09:07:31.362082
https://tiktok.com,social,92,91,0.9891304347826086,2025-08-13T09:09:16.681030
https://snapchat.com,social,1,0,0.0,2025-08-13T09:12:14.842829
https://pinterest.com,social,16,7,0.4375,2025-08-13T09:13:19.853492
https://reddit.com,social,94,93,0.9893617021276596,2025-08-13T09:13:45.846224
https://tumblr.com,social,17,0,0.0,2025-08-13T09:14:39.160910
https://whatsapp.com,social,42,41,0.9761904761904762,2025-08-13T09:15:00.890605
https://messenger.com,social,8,1,0.125,2025-08-13T09:15:46.372338
https://telegram.org,social,8,0,0.0,2025-08-13T09:17:01.112822
https://wechat.com,social,3,1,0.3333333333333333,2025-08-13T09:20:09.755718
https://line.me,social,23,15,0.6521739130434783,2025-08-13T09:23:28.774793
https://viber.com,social,10,4,0.4,2025-08-13T09:26:33.161286
https://signal.org,social,47,0,0.0,2025-08-13T09:26:51.267334
https://kik.com,social,146,46,0.3150684931506849,2025-08-13T09:28:45.317936
https://discord.com,social,213,193,0.9061032863849765,2025-08-13T09:29:10.339601
https://slack.com,social,20,8,0.4,2025-08-13T09:32:49.047961
https://vk.com,social,1,0,0.0,2025-08-13T09:36:17.951845
https://ok.ru,social,13,0,0.0,2025-08-13T09:39:35.715702
https://weibo.com,social,44,1,0.022727272727272728,2025-08-13T09:42:44.989391
https://qzone.qq.com,social,50,9,0.18,2025-08-13T09:43:34.723117
https://douyin.com,social,12,11,0.9166666666666666,2025-08-13T09:44:06.822214
https://xiaohongshu.com,social,5,4,0.8,2025-08-13T09:45:03.812360
https://zhihu.com,social,15,14,0.9333333333333333,2025-08-13T09:45:20.734122
https://bilibili.com,social,1,0,0.0,2025-08-13T09:45:51.039537
https://kuaishou.com,social,1,0,0.0,2025-08-13T09:46:31.414304
https://meipai.com,social,21,15,0.7142857142857143,2025-08-13T09:46:47.972022
https://meetup.com,social,10,2,0.2,2025-08-13T09:48:13.395225
https://nextdoor.com,social,13,12,0.9230769230769231,2025-08-13T09:48:31.311527
https://alignable.com,social,1,0,0.0,2025-08-13T09:51:46.057944
https://band.us,social,275,274,0.9963636363636363,2025-08-13T09:54:50.230897
https://caffeine.tv,social,1,0,0.0,2025-08-13T09:57:02.084039
https://clubhouse.com,social,23,19,0.8260869565217391,2025-08-13T09:57:12.106182
https://houseparty.com,social,15,0,0.0,2025-08-13T09:58:00.005292
https://marco-polo.me,social,46,11,0.2391304347826087,2025-08-13T09:58:24.945208
https://peanut-app.io,social,17,0,0.0,2025-08-13T10:01:45.227888
https://yubo.live,social,29,3,0.10344827586206896,2025-08-13T10:05:05.401232
https://behance.net,social,4,0,0.0,2025-08-13T10:08:32.612892
https://dribbble.com,social,4,2,0.5,2025-08-13T10:11:57.862029
https://deviantart.com,social,49,48,0.9795918367346939,2025-08-13T10:15:13.415680
https://artstation.com,social,33,0,0.0,2025-08-13T10:15:41.379886
https://500px.com,social,20,3,0.15,2025-08-13T10:16:11.158677
https://flickr.com,social,16,0,0.0,2025-08-13T10:17:12.488776
https://vsco.co,social,43,14,0.32558139534883723,2025-08-13T10:17:48.470352
https://ello.co,social,4,1,0.25,2025-08-13T10:21:37.126788
https://vero.co,social,33,15,0.45454545454545453,2025-08-13T10:25:29.821048
https://mastodon.social,social,1,0,0.0,2025-08-13T10:27:16.227223
https://diaspora.foundation,social,52,51,0.9807692307692307,2025-08-13T10:28:57.411871
https://minds.com,social,7,0,0.0,2025-08-13T10:32:17.571676
https://gab.com,social,31,30,0.967741935483871,2025-08-13T10:35:40.373037
https://parler.com,social,7,0,0.0,2025-08-13T10:38:52.093060
https://truthsocial.com,social,25,24,0.96,2025-08-13T10:42:09.113555
https://gettr.com,social,10,0,0.0,2025-08-13T10:45:18.628686
https://mewe.com,social,8,7,0.875,2025-08-13T10:45:58.630856
https://rumble.com,social,52,2,0.038461538461538464,2025-08-13T10:46:25.676309
https://bitchute.com,social,27,6,0.2222222222222222,2025-08-13T10:46:47.004757
https://odysee.com,social,49,0,0.0,2025-08-13T10:47:24.647997
https://goodreads.com,social,4,0,0.0,2025-08-13T10:48:08.489513
https://wattpad.com,social,0,0,N/A,2025-08-13T10:48:20.033385
https://medium.com,social,14,13,0.9285714285714286,2025-08-13T10:48:23.111599
https://substack.com,social,3,0,0.0,2025-08-13T10:51:36.415742
https://ghost.org,social,22,0,0.0,2025-08-13T10:54:49.146803
https://hashnode.com,social,36,2,0.05555555555555555,2025-08-13T10:57:59.883286
https://dev.to,social,2,1,0.5,2025-08-13T10:59:21.595278
https://hackernoon.com,social,130,59,0.45384615384615384,2025-08-13T10:59:38.600762
https://producthunt.com,social,21,2,0.09523809523809523,2025-08-13T11:00:24.519689
https://angellist.com,social,62,59,0.9516129032258065,2025-08-13T11:00:52.179736
https://github.com/explore,social,2,1,0.5,2025-08-13T11:03:56.775775
https://gitlab.com/explore,social,68,67,0.9852941176470589,2025-08-13T11:07:49.388791
https://stackoverflow.com,social,21,4,0.19047619047619047,2025-08-13T11:11:07.742310
https://stackexchange.com,social,78,62,0.7948717948717948,2025-08-13T11:14:57.686148
https://quora.com,social,0,0,N/A,2025-08-13T11:16:32.932279
https://answers.yahoo.com,social,11,10,0.9090909090909091,2025-08-13T11:16:35.918085
https://askfm.com,social,1,0,0.0,2025-08-13T11:16:51.620887
https://curiouscat.me,social,45,15,0.3333333333333333,2025-08-13T11:17:14.388098
https://retrospring.net,social,18,1,0.05555555555555555,2025-08-13T11:17:51.130798
https://tellonym.me,social,6,5,0.8333333333333334,2025-08-13T11:18:30.908166
https://twitch.tv,social,34,30,0.8823529411764706,2025-08-13T11:18:58.779526
https://kick.com,social,6,5,0.8333333333333334,2025-08-13T11:19:34.087706
https://dlive.tv,social,55,0,0.0,2025-08-13T11:22:34.124950
https://trovo.live,social,74,73,0.9864864864864865,2025-08-13T11:25:59.667653
https://younow.com,social,1,0,0.0,2025-08-13T11:29:02.885153
https://bigo.tv,social,36,8,0.2222222222222222,2025-08-13T11:32:32.034984
https://liveme.com,social,12,3,0.25,2025-08-13T11:36:00.120700
https://periscope.tv,social,1,0,0.0,2025-08-13T11:39:11.123927
https://facebook.com/gaming,social,33,12,0.36363636363636365,2025-08-13T11:40:34.969999
https://youtube.com/gaming,social,9,0,0.0,2025-08-13T11:44:00.164901
https://mixer.com,social,69,34,0.4927536231884058,2025-08-13T11:47:33.464352
https://steam.community.com,social,2,1,0.5,2025-08-13T11:48:07.370762
https://epicgames.com/community,social,2,1,0.5,2025-08-13T11:48:18.206315
https://xbox.com/community,social,7,0,0.0,2025-08-13T11:48:44.876367
https://playstation.com/community,social,17,11,0.6470588235294118,2025-08-13T11:49:14.346514
https://nintendo.com/community,social,75,71,0.9466666666666667,2025-08-13T11:49:39.987274
https://roblox.com,social,1,0,0.0,2025-08-13T11:50:18.226292
https://minecraft.net/community,social,80,23,0.2875,2025-08-13T11:50:37.579973
https://fortnite.com/community,social,4,2,0.5,2025-08-13T11:51:49.684538
https://leagueoflegends.com/community,social,1,0,0.0,2025-08-13T11:52:47.632775
https://last.fm,social,33,10,0.30303030303030304,2025-08-13T11:56:01.078992
https://soundcloud.com,social,12,3,0.25,2025-08-13T11:59:27.645729
https://bandcamp.com,social,1,0,0.0,2025-08-13T12:03:05.758170
https://reverbnation.com,social,94,4,0.0425531914893617,2025-08-13T12:04:10.629727
https://datpiff.com,social,1,0,0.0,2025-08-13T12:07:36.713028
https://mixcloud.com,social,3,1,0.3333333333333333,2025-08-13T12:11:13.347403
https://audiomack.com,social,71,5,0.07042253521126761,2025-08-13T12:16:26.346369
https://beatport.com,social,18,0,0.0,2025-08-13T12:18:27.702869
https://discogs.com,social,7,0,0.0,2025-08-13T12:19:07.493420
https://genius.com,social,1,0,0.0,2025-08-13T12:19:54.850001
https://vimeo.com,social,5,1,0.2,2025-08-13T12:20:59.396179
https://dailymotion.com,social,8,7,0.875,2025-08-13T12:21:22.484899
https://metacafe.com,social,1,0,0.0,2025-08-13T12:24:50.361793
https://veoh.com,social,9,2,0.2222222222222222,2025-08-13T12:28:03.331738
https://break.com,social,1,0,0.0,2025-08-13T12:32:11.521644
https://liveleak.com,social,58,57,0.9827586206896551,2025-08-13T12:34:29.949825
https://worldstarhiphop.com,social,0,0,N/A,2025-08-13T12:37:34.647029
https://vine.co,social,21,2,0.09523809523809523,2025-08-13T12:40:51.313525
https://byte.co,social,4,1,0.25,2025-08-13T12:44:11.238250
https://coub.com,social,29,28,0.9655172413793104,2025-08-13T12:44:28.214029
https://match.com,social,5,1,0.2,2025-08-13T12:45:11.206260
https://tinder.com,social,5,1,0.2,2025-08-13T12:46:00.355090
https://bumble.com,social,7,0,0.0,2025-08-13T12:46:29.979970
https://hinge.co,social,32,1,0.03125,2025-08-13T12:47:21.360036
https://okcupid.com,social,1,0,0.0,2025-08-13T12:51:32.526218
https://plentyoffish.com,social,43,18,0.4186046511627907,2025-08-13T12:54:46.391200
https://eharmony.com,social,3,0,0.0,2025-08-13T12:58:16.010780
https://zoosk.com,social,18,17,0.9444444444444444,2025-08-13T13:01:59.386705
https://badoo.com,social,72,5,0.06944444444444445,2025-08-13T13:04:02.837435
https://happn.com,social,16,15,0.9375,2025-08-13T13:07:31.942926
https://coffee-meets-bagel.com,social,33,32,0.9696969696969697,2025-08-13T13:10:47.431328
https://her.com,social,50,7,0.14,2025-08-13T13:14:02.644980
https://grindr.com,social,4,3,0.75,2025-08-13T13:17:35.146966
https://feeld.co,social,18,17,0.9444444444444444,2025-08-13T13:21:09.601016
https://raya.app,social,0,0,N/A,2025-08-13T13:24:26.150811
https://the-league.com,social,105,0,0.0,2025-08-13T13:27:18.872447
https://elitesingles.com,social,1,0,0.0,2025-08-13T13:30:49.226760
https://silversingles.com,social,9,4,0.4444444444444444,2025-08-13T13:34:17.036563
https://ourtime.com,social,19,9,0.47368421052631576,2025-08-13T13:37:44.691161
https://christianmingle.com,social,34,0,0.0,2025-08-13T13:41:13.537496
https://jdate.com,social,13,2,0.15384615384615385,2025-08-13T13:44:42.645391
https://farmersonly.com,social,49,36,0.7346938775510204,2025-08-13T13:48:01.519412
https://uniformdating.com,social,13,0,0.0,2025-08-13T13:51:33.878760
https://millionairematch.com,social,65,0,0.0,2025-08-13T13:55:03.146996
https://seeking.com,social,3,0,0.0,2025-08-13T13:58:27.015204
https://sugardaddy.com,social,11,7,0.6363636363636364,2025-08-13T14:01:38.398430
https://ashleymadison.com,social,41,0,0.0,2025-08-13T14:05:02.758801
https://adultfriendfinder.com,social,3,2,0.6666666666666666,2025-08-13T14:08:32.820290
https://friendfinder.com,social,19,0,0.0,2025-08-13T14:11:43.011743
https://meetme.com,social,35,1,0.02857142857142857,2025-08-13T14:15:16.577054
https://tagged.com,social,24,2,0.08333333333333333,2025-08-13T14:19:01.955758
https://hi5.com,social,20,19,0.95,2025-08-13T14:21:24.573110
https://myspace.com,social,19,0,0.0,2025-08-13T14:24:41.582437
https://friendster.com,social,8,7,0.875,2025-08-13T14:28:09.156934
https://orkut.com,social,9,0,0.0,2025-08-13T14:31:21.097217
https://bebo.com,social,5,1,0.2,2025-08-13T14:34:39.226857
https://foursquare.com,social,17,0,0.0,2025-08-13T14:38:47.621851
https://swarmapp.com,social,29,24,0.8275862068965517,2025-08-13T14:42:04.234721
https://yelp.com,social,29,3,0.10344827586206896,2025-08-13T14:45:34.700850
https://tripadvisor.com,social,12,0,0.0,2025-08-13T14:49:03.639871
https://strava.com,social,1,0,0.0,2025-08-13T14:52:31.457995
https://fitbit.com/community,social,0,0,N/A,2025-08-13T14:55:49.223904
https://myfitnesspal.com/community,social,15,2,0.13333333333333333,2025-08-13T14:59:18.749796
https://nike.com/nrc,social,5,2,0.4,2025-08-13T15:03:16.953183
https://adidas.com/runtastic,social,21,0,0.0,2025-08-13T15:06:38.452495
https://garmin.com/connect,social,16,5,0.3125,2025-08-13T15:09:55.911871
https://polar.com/flow,social,7,0,0.0,2025-08-13T15:13:23.881733
https://zwift.com,social,3,2,0.6666666666666666,2025-08-13T15:16:59.454891
https://peloton.com/community,social,11,0,0.0,2025-08-13T15:20:04.260715
https://dailyburn.com,social,3,0,0.0,2025-08-13T15:23:21.471620
https://chess.com,social,5,0,0.0,2025-08-13T15:26:54.413573
https://lichess.org,social,6,0,0.0,2025-08-13T15:30:52.725355
https://chess24.com,social,5,1,0.2,2025-08-13T15:34:20.710808
https://playchess.com,social,1,0,0.0,2025-08-13T15:37:29.507767
https://chesscube.com,social,2,1,0.5,2025-08-13T15:40:39.616814
https://gameknot.com,social,2,1,0.5,2025-08-13T15:43:56.099131
https://red-dragon-gaming.com,social,0,0,N/A,2025-08-13T15:47:05.659874
https://boardgamearena.com,social,12,1,0.08333333333333333,2025-08-13T15:49:58.784743
https://tabletopia.com,social,1,0,0.0,2025-08-13T15:53:23.531015
https://tabletopsimulator.com,social,21,5,0.23809523809523808,2025-08-13T15:56:32.968278
https://untappd.com,social,18,12,0.6666666666666666,2025-08-13T15:59:57.426039
https://vivino.com,social,1,0,0.0,2025-08-13T16:03:24.808715
https://distiller.com,social,17,16,0.9411764705882353,2025-08-13T16:06:33.109159
https://beeradvocate.com,social,23,3,0.13043478260869565,2025-08-13T16:09:35.237593
https://ratebeer.com,social,41,2,0.04878048780487805,2025-08-13T16:13:21.061372
https://cellartracker.com,social,2,1,0.5,2025-08-13T16:16:57.648476
https://whiskybase.com,social,28,26,0.9285714285714286,2025-08-13T16:20:32.250904
https://cigarsocial.com,social,65,64,0.9846153846153847,2025-08-13T16:21:06.617979
https://leafly.com,social,1,1,1.0,2025-08-13T16:21:40.431415
https://weedmaps.com,social,13,4,0.3076923076923077,2025-08-13T16:24:57.893844
https://allrecipes.com/community,social,25,1,0.04,2025-08-13T16:28:25.227354
https://food52.com,social,66,62,0.9393939393939394,2025-08-13T16:31:49.716567
https://epicurious.com/community,social,7,0,0.0,2025-08-13T16:35:42.288367
https://yummly.com,social,5,2,0.4,2025-08-13T16:39:15.453000
https://cookpad.com,social,55,16,0.2909090909090909,2025-08-13T16:42:14.589280
https://kitchen-stories.com,social,0,0,N/A,2025-08-13T16:45:46.379469
https://bigoven.com,social,11,0,0.0,2025-08-13T16:48:50.111704
https://supercook.com,social,0,0,N/A,2025-08-13T16:52:17.661449
https://foodgawker.com,social,1,1,1.0,2025-08-13T16:55:52.097169
https://tastespotting.com,social,56,54,0.9642857142857143,2025-08-13T16:59:14.344058
https://imdb.com/community,social,1,1,1.0,2025-08-13T17:02:45.054676
https://letterboxd.com,social,0,0,N/A,2025-08-13T17:05:50.880069
https://mubi.com,social,37,18,0.4864864864864865,2025-08-13T17:09:26.892717
https://filmaffinity.com,social,7,0,0.0,2025-08-13T17:10:08.140357
https://criticker.com,social,20,6,0.3,2025-08-13T17:11:46.647646
https://icheckmovies.com,social,94,3,0.031914893617021274,2025-08-13T17:13:12.839859
https://trakt.tv,social,58,3,0.05172413793103448,2025-08-13T17:14:31.770031
https://tvtime.com,social,1,0,0.0,2025-08-13T17:19:12.186385
https://serializd.com,social,17,4,0.23529411764705882,2025-08-13T17:22:40.910184
https://episode-calendar.com,social,45,40,0.8888888888888888,2025-08-13T17:23:20.604408
https://houzz.com,social,1,0,0.0,2025-08-13T17:24:08.955610
https://homestyler.com,social,11,1,0.09090909090909091,2025-08-13T17:24:38.054277
https://roomstyler.com,social,4,0,0.0,2025-08-13T17:28:05.846753
https://planner5d.com,social,16,0,0.0,2025-08-13T17:31:33.449902
https://floorplanner.com,social,5,1,0.2,2025-08-13T17:34:06.765733
https://homestratosphere.com,social,70,69,0.9857142857142858,2025-08-13T17:34:53.021689
https://apartmenttherapy.com,social,2,1,0.5,2025-08-13T17:36:03.257662
https://dezeen.com,social,15,14,0.9333333333333333,2025-08-13T17:39:33.115565
https://archdaily.com,social,1,0,0.0,2025-08-13T17:42:44.575824
https://architizer.com,social,33,1,0.030303030303030304,2025-08-13T17:43:33.192483
https://etsy.com/community,social,13,6,0.46153846153846156,2025-08-13T17:44:20.223900
https://ravelry.com,social,18,0,0.0,2025-08-13T17:47:36.715163
https://craftster.org,social,8,4,0.5,2025-08-13T17:51:14.052812
https://instructables.com,social,25,2,0.08,2025-08-13T17:51:30.907855
https://hackaday.io,social,0,0,N/A,2025-08-13T17:54:59.227160
https://makezine.com,social,1,1,1.0,2025-08-13T17:58:34.541441
https://adafruit.com/community,social,0,0,N/A,2025-08-13T18:01:42.902255
https://sparkfun.com/community,social,1,0,0.0,2025-08-13T18:05:18.826482
https://arduino.cc/forum,social,1,0,0.0,2025-08-13T18:08:52.275241
https://raspberrypi.org/forums,social,5,0,0.0,2025-08-13T18:12:13.997151
https://care2.com,social,14,13,0.9285714285714286,2025-08-13T18:13:24.768731
https://change.org,social,125,124,0.992,2025-08-13T18:13:46.563787
https://avaaz.org,social,1,0,0.0,2025-08-13T18:14:36.046038
https://causes.com,social,3,1,0.3333333333333333,2025-08-13T18:15:16.835580
https://globalgiving.org,social,0,0,N/A,2025-08-13T18:17:30.598003
https://justgiving.com,social,15,7,0.4666666666666667,2025-08-13T18:21:13.894999
https://gofundme.com,social,20,19,0.95,2025-08-13T18:24:46.607245
https://kickstarter.com,social,33,12,0.36363636363636365,2025-08-13T18:28:10.112222
https://indiegogo.com,social,12,7,0.5833333333333334,2025-08-13T18:32:13.003177
https://patreon.com,social,1,0,0.0,2025-08-13T18:35:43.505300
https://buymeacoffee.com,social,1,0,0.0,2025-08-13T18:38:59.807930
https://ko-fi.com,social,24,10,0.4166666666666667,2025-08-13T18:42:09.856721
https://liberapay.com,social,27,0,0.0,2025-08-13T18:45:36.834279
https://opencollective.com,social,9,2,0.2222222222222222,2025-08-13T18:50:17.158099
https://github.com/sponsors,social,2,1,0.5,2025-08-13T18:53:46.148528
https://tipeee.com,social,0,0,N/A,2025-08-13T18:57:22.176425
https://subscribestar.com,social,1,0,0.0,2025-08-13T19:01:17.112915
https://onlyfans.com,social,1,0,0.0,2025-08-13T19:04:48.698522
https://fansly.com,social,5,4,0.8,2025-08-13T19:08:10.673994
https://fanvue.com,social,8,7,0.875,2025-08-13T19:12:05.817863
